24/10/13,15414.87012,15528.62988,15414.12988,15509.20996
25/10/13,15523.71973,15570.59961,15512.95996,15570.28027
28/10/13,15569.19043,15599.08984,15533.48047,15568.92969
29/10/13,15572.20996,15683.08008,15572.20996,15680.34961
30/10/13,15680.74023,15721,15574.51953,15618.75977
31/10/13,15619.91992,15651.86035,15544.69043,15545.75
01/11/13,15558.00977,15649.40039,15543.25,15615.54981
04/11/13,15621.2002,15658.90039,15588.48047,15639.12012
05/11/13,15631.21973,15651.88965,15522.17969,15618.21973
06/11/13,15628.71973,15750.29004,15628.71973,15746.87988
07/11/13,15751.30957,15797.67969,15586.33008,15593.98047
08/11/13,15591.54004,15764.29004,15579.34961,15761.78027
11/11/13,15759.28027,15791.4502,15737.21973,15783.09961
12/11/13,15773.15039,15793.37988,15708.29004,15750.66992
13/11/13,15739.5,15822.98047,15672,15821.62988
14/11/13,15806.21973,15884.99023,15798.74023,15876.21973
15/11/13,15876.16016,15962.98047,15875.90039,15961.7002
18/11/13,15962.71973,16030.28027,15942.16992,15976.01953
19/11/13,15974.05957,16025.84961,15943.78027,15967.03027
20/11/13,15971.2002,16016.84961,15865.37012,15900.82031
21/11/13,15908.07031,16016.04004,15908.07031,16009.99023
22/11/13,16008.70996,16068.78027,15976.26953,16064.76953
25/11/13,16072.08984,16109.62988,16055.45996,16072.54004
26/11/13,16070.92969,16120.25,16070.92969,16072.79981
27/11/13,16073.37012,16107.99023,16057.33984,16097.33008
29/11/13,16105.16016,16174.50977,16074.13965,16086.41016
02/12/13,16087.12012,16098,15986.23047,16008.76953
03/12/13,16004.71973,16004.71973,15859.67969,15914.62012
04/12/13,15910.50977,15960.36035,15791.29004,15889.76953
05/12/13,15886.5,15896.19043,15809.37012,15821.50977
06/12/13,15825.54981,16022.34961,15825.54981,16020.2002
09/12/13,16019.49023,16058.40039,16015.29004,16025.53027
10/12/13,16024.12012,16029.05957,15969.53027,15973.12988
11/12/13,15970.75,15997.21973,15827.7002,15843.53027
12/12/13,15844.82031,15845.11035,15703.79004,15739.42969
13/12/13,15745.66016,15792.79981,15717.91992,15755.36035
16/12/13,15759.59961,15930.30957,15759.59961,15884.57031
17/12/13,15884.05957,15917.95996,15836.4502,15875.25977
18/12/13,15876.57031,16173.04004,15808.91992,16167.96973
19/12/13,16162.50977,16194.71973,16121.54004,16179.08008
20/12/13,16178.57031,16287.83984,16178.57031,16221.13965
23/12/13,16225.25,16318.11035,16225.25,16294.61035
24/12/13,16295.7002,16360.59961,16295.7002,16357.54981
26/12/13,16370.96973,16483,16370.96973,16479.88086
27/12/13,16486.36914,16529.00977,16461.23047,16478.41016
30/12/13,16484.50977,16504.34961,16476.86914,16504.28906
31/12/13,16512.38086,16588.25,16511.48047,16576.66016
02/01/14,16572.16992,16573.07031,16416.49023,16441.34961
03/01/14,16456.89063,16518.74023,16439.30078,16469.99023
06/01/14,16474.03906,16532.99023,16405.51953,16425.09961
07/01/14,16429.01953,16562.32031,16429.01953,16530.93945
08/01/14,16527.66016,16528.88086,16416.68945,16462.74023
09/01/14,16471.41016,16525.34961,16378.61035,16444.75977
10/01/14,16453.61914,16487.65039,16379.01953,16437.05078
13/01/14,16434.0293,16453.13086,16240.59961,16257.94043
14/01/14,16261.99023,16373.91992,16260.83008,16373.86035
15/01/14,16378.03027,16505.2793,16376.78027,16481.93945
16/01/14,16477.69922,16477.69922,16375.55957,16417.00977
17/01/14,16408.01953,16495.25977,16378.79981,16458.56055
21/01/14,16459.26953,16520.59961,16316.25,16414.43945
22/01/14,16420.48047,16453.49023,16332.98047,16373.33984
23/01/14,16371.99023,16372.95996,16140.58008,16197.34961
24/01/14,16203.29004,16203.29004,15879.11035,15879.11035
27/01/14,15879.04981,15942.76953,15783.54981,15837.87988
28/01/14,15840.83984,15945.88965,15840.83984,15928.55957
29/01/14,15927.08008,15927.08008,15708.98047,15738.79004
30/01/14,15743.03027,15907.53027,15733.26953,15848.61035
31/01/14,15847.19043,15847.19043,15617.54981,15698.84961
03/02/14,15697.69043,15708.54004,15356.16992,15372.79981
04/02/14,15372.92969,15481.84961,15356.62012,15445.24023
05/02/14,15443,15478.20996,15340.69043,15440.23047
06/02/14,15443.83008,15632.08984,15443,15628.53027
07/02/14,15630.63965,15798.50977,15625.53027,15794.08008
10/02/14,15793.62988,15801.79004,15733.69043,15801.79004
11/02/14,15804.16992,16027.19043,15803.40039,15994.76953
12/02/14,15993.04004,16036.55957,15928.75,15963.94043
13/02/14,15946.99023,16039.37012,15863.25,16027.58984
14/02/14,16018.08008,16175.54981,15985.38965,16154.38965
18/02/14,16153.96973,16167.33008,16107.04004,16130.40039
19/02/14,16126.23047,16225.71973,16031.66016,16040.55957
20/02/14,16044.15039,16161.63965,16006.58984,16133.23047
21/02/14,16135.91992,16191.91992,16093.79981,16103.29981
24/02/14,16102.26953,16300.04004,16102.26953,16207.13965
25/02/14,16207.33984,16254.25977,16147.25,16179.66016
26/02/14,16180.36035,16252.34961,16155.86035,16198.41016
27/02/14,16197.7002,16276.28027,16159.80957,16272.65039
28/02/14,16273.23047,16398.94922,16226.08984,16321.70996
03/03/14,16321.70996,16321.70996,16071.25,16168.03027
04/03/14,16169.32031,16419.49023,16169.32031,16395.88086
05/03/14,16395.88086,16406.55078,16343.95996,16360.17969
06/03/14,16360.55957,16450.16992,16360.55957,16421.89063
07/03/14,16424.5293,16505.69922,16398.85938,16452.7207
10/03/14,16453.09961,16453.09961,16334.2002,16418.67969
11/03/14,16419.39063,16460.33008,16325.16992,16351.25
12/03/14,16350.66992,16364.74023,16260.03027,16340.08008
13/03/14,16341.54981,16405.07031,16084.09961,16108.88965
14/03/14,16106.32031,16165.04981,16046.99023,16065.66992
17/03/14,16066.37012,16270.33984,16066.37012,16247.21973
18/03/14,16245.92969,16369.94043,16245.92969,16336.19043
19/03/14,16335.70996,16363.32031,16126.29004,16222.16992
20/03/14,16221.98047,16353.98047,16160.33008,16331.04981
21/03/14,16332.69043,16456.44922,16290.79004,16302.76953
24/03/14,16303.28027,16380.50977,16215.55957,16276.69043
25/03/14,16279.2002,16407.17969,16279.2002,16367.87988
26/03/14,16370.70996,16466.03906,16268.99023,16268.99023
27/03/14,16268.66992,16300.94043,16191.79004,16264.23047
28/03/14,16267.76953,16414.85938,16267.76953,16323.05957
31/03/14,16324.21973,16480.84961,16324.21973,16457.66016
01/04/14,16458.05078,16565.73047,16457.59961,16532.60938
02/04/14,16532.80078,16588.18945,16506.59961,16573
03/04/14,16572.35938,16604.15039,16527.59961,16572.55078
04/04/14,16576.01953,16631.63086,16392.76953,16412.71094
07/04/14,16414.15039,16421.38086,16244.00977,16245.87012
08/04/14,16245.16016,16296.86035,16180.28027,16256.13965
09/04/14,16256.37012,16438.82031,16256.37012,16437.17969
10/04/14,16437.24023,16456.11914,16153.33984,16170.21973
11/04/14,16168.87012,16168.87012,16015.32031,16026.75
14/04/14,16028.29004,16184.75977,16028.29004,16173.24023
15/04/14,16173.49023,16272.9502,16063.2002,16262.55957
16/04/14,16266.23047,16424.84961,16266.23047,16424.84961
17/04/14,16424.14063,16460.49023,16368.13965,16408.53906
21/04/14,16408.91992,16459.7793,16402.08008,16449.25
22/04/14,16449.38086,16565.71094,16449.38086,16514.36914
23/04/14,16513.73047,16525.99023,16477.2793,16501.65039
24/04/14,16503.39063,16541.25977,16452.30078,16501.65039
25/04/14,16503.25977,16503.25977,16333.78027,16361.45996
28/04/14,16363.2002,16500.36914,16312.66016,16448.74023
29/04/14,16451.17969,16559.39063,16451.17969,16535.36914
30/04/14,16534.85938,16592.2793,16510.86914,16580.83984
01/05/14,16580.25977,16604.78906,16525.25,16558.86914
02/05/14,16562.33984,16620.06055,16488.31055,16512.89063
05/05/14,16509.75,16547.91992,16377.08984,16530.55078
06/05/14,16529.84961,16529.84961,16399.99023,16401.01953
07/05/14,16401.66016,16522.93945,16357.34961,16518.53906
08/05/14,16518.16016,16622.94922,16502.00977,16550.9707
09/05/14,16551.23047,16588.76953,16498.71094,16583.33984
12/05/14,16584.82031,16704.83984,16584.82031,16695.4707
13/05/14,16695.91992,16735.50977,16695.91992,16715.43945
14/05/14,16716.08008,16717.56055,16595,16613.9707
15/05/14,16613.51953,16622.90039,16397.46094,16446.81055
16/05/14,16447.32031,16498.99023,16414.32031,16491.31055
19/05/14,16490.34961,16526.25977,16442.11914,16511.85938
20/05/14,16511.2207,16511.2207,16341.29981,16374.30957
21/05/14,16376.16992,16544.59961,16376.16992,16533.06055
22/05/14,16532.74023,16565.39063,16489.60938,16543.08008
23/05/14,16544.49023,16613.07031,16544.49023,16606.26953
27/05/14,16607.41992,16688.68945,16607.41992,16675.5
28/05/14,16674.98047,16674.98047,16620.2207,16633.17969
29/05/14,16637.74023,16698.74023,16620.42969,16698.74023
30/05/14,16697.33008,16721.2207,16648.84961,16717.16992
02/06/14,16716.84961,16756.64063,16682.07031,16743.63086
03/06/14,16736.69922,16736.69922,16690.00977,16722.33984
04/06/14,16720,16742.91016,16673.65039,16737.5293
05/06/14,16739.14063,16845.81055,16709.94922,16836.10938
06/06/14,16839.64063,16924.2793,16839.64063,16924.2793
09/06/14,16926.08008,16970.16992,16912.91992,16943.09961
10/06/14,16940.40039,16946.33984,16897.43945,16945.91992
11/06/14,16943.16016,16943.16016,16821.84961,16843.88086
12/06/14,16840.48047,16841.57031,16703.73047,16734.18945
13/06/14,16734.64063,16787.89063,16718.59961,16775.74023
16/06/14,16765.56055,16802.14063,16722.85938,16781.00977
17/06/14,16779.21094,16823.55078,16732.91016,16808.49023
18/06/14,16806.11914,16911.41016,16755.28906,16906.61914
19/06/14,16909.90039,16923.42969,16858.88086,16921.46094
20/06/14,16920.61914,16978.01953,16920.61914,16947.08008
23/06/14,16946.5,16954.26953,16896.08984,16937.25977
24/06/14,16934.61914,16969.69922,16805.23047,16818.13086
25/06/14,16817.67969,16883.53906,16799.41016,16867.50977
26/06/14,16866.81055,16872.51953,16746.08984,16846.13086
27/06/14,16846.90039,16862.73047,16773.83984,16851.83984
30/06/14,16852.49023,16871.26953,16801.93945,16826.59961
01/07/14,16828.5293,16998.69922,16828.5293,16956.07031
02/07/14,16949.71094,16986.63086,16949.71094,16976.24023
03/07/14,16979,17074.65039,16979,17068.25977
07/07/14,17063.83008,17063.83008,16992.44922,17024.21094
08/07/14,17022.08984,17022.08984,16874.78906,16906.61914
09/07/14,16916.83008,16998.94922,16913.81055,16985.60938
10/07/14,16980.34961,16980.34961,16805.38086,16915.07031
11/07/14,16918.31055,16949.46094,16860.30078,16943.81055
14/07/14,16950.92969,17088.42969,16950.92969,17055.41992
15/07/14,17055.0293,17120.33984,17006.39063,17060.67969
16/07/14,17061.91016,17139.34961,17061.91016,17138.19922
17/07/14,17133.44922,17151.56055,16966.18945,16976.81055
18/07/14,16978.16016,17113.50977,16977.51953,17100.17969
21/07/14,17095.10938,17095.10938,16974.33984,17051.73047
22/07/14,17054.9707,17133.42969,17040.13086,17113.53906
23/07/14,17117.00977,17121.05078,17058.05078,17086.63086
24/07/14,17092.01953,17119.83008,17061.07031,17083.80078
25/07/14,17079.5,17082.33008,16915.65039,16960.57031
28/07/14,16956.91016,17001.38086,16877.7207,16982.58984
29/07/14,16984.33008,17056.46094,16912.10938,16912.10938
30/07/14,16920.10938,16983.93945,16817.16016,16880.35938
31/07/14,16869.63086,16869.63086,16563.30078,16563.30078
01/08/14,16561.69922,16584.75,16437.07031,16493.36914
04/08/14,16493.7207,16596.2207,16447.19922,16569.2793
05/08/14,16559.9707,16559.9707,16369.54981,16429.4707
06/08/14,16425.09961,16490.69922,16372.32031,16443.33984
07/08/14,16448.28906,16504.34961,16333.78027,16368.26953
08/08/14,16369.67969,16556.58984,16364.21973,16553.92969
11/08/14,16557.26953,16627.99023,16557.26953,16569.98047
12/08/14,16565.55078,16589.31055,16518.06055,16560.53906
13/08/14,16567.53906,16670.28906,16567.53906,16651.80078
14/08/14,16657.32031,16714.2207,16651.66992,16713.58008
15/08/14,16717.00977,16775.26953,16575.41992,16662.91016
18/08/14,16664.44922,16840.2793,16664.44922,16838.74023
19/08/14,16839.06055,16929.13086,16839.06055,16919.58984
20/08/14,16910.0293,16994.89063,16896.55078,16979.13086
21/08/14,16983.88086,17074.58984,16983.88086,17039.49023
22/08/14,17038.26953,17064.2793,16984.51953,17001.2207
25/08/14,17011.81055,17124.74023,17011.81055,17076.86914
26/08/14,17079.57031,17153.80078,17079.57031,17106.69922
27/08/14,17111.0293,17134.59961,17090.60938,17122.00977
28/08/14,17119.06055,17119.06055,17018.33008,17079.57031
29/08/14,17083.41992,17110.41992,17035.38086,17098.44922
02/09/14,17097.41992,17113.50977,17009.07031,17067.56055
03/09/14,17067.24023,17151.89063,17060.21094,17078.2793
04/09/14,17083.60938,17161.55078,17030.11914,17069.58008
05/09/14,17065.89063,17137.35938,17009.61914,17137.35938
08/09/14,17131.71094,17137.88086,17079.16992,17111.41992
09/09/14,17110.39063,17111.55078,16993.28906,17013.86914
10/09/14,17016.05078,17080.26953,16974.57031,17068.71094
11/09/14,17057.41016,17057.41016,16983.88086,17049
12/09/14,17044.05078,17044.05078,16937.66992,16987.50977
15/09/14,16988.75977,17051.84961,16951.38086,17031.14063
16/09/14,17027.16016,17167.05078,16985.55078,17131.9707
17/09/14,17131.00977,17221.10938,17089.00977,17156.84961
18/09/14,17163.73047,17275.36914,17163.73047,17265.99023
19/09/14,17267.21094,17350.64063,17257.46094,17279.74023
22/09/14,17271.71094,17277.88086,17159.35938,17172.67969
23/09/14,17165.91016,17171.88086,17055.86914,17055.86914
24/09/14,17056.64063,17226.59961,17033.92969,17210.06055
25/09/14,17204.85938,17204.85938,16945.80078,16945.80078
26/09/14,16948.61914,17148.15039,16948.10938,17113.15039
29/09/14,17107.68945,17107.68945,16934.42969,17071.2207
30/09/14,17070.44922,17145.09961,17017.10938,17042.90039
01/10/14,17040.46094,17041.16016,16776.13086,16804.71094
02/10/14,16808.26953,16857.25,16674.03906,16801.05078
03/10/14,16802.19922,17027.83984,16802.19922,17009.68945
06/10/14,17010.33984,17099.39063,16930.38086,16991.91016
07/10/14,16988.25,16988.25,16715.78906,16719.39063
08/10/14,16718.65039,17006.91016,16663.25977,16994.2207
09/10/14,16989.36914,16989.36914,16649.03906,16659.25
10/10/14,16654.88086,16757.59961,16543.91016,16544.09961
13/10/14,16535.42969,16602.41016,16310.46973,16321.07031
14/10/14,16321.90039,16463.66992,16273.63965,16315.19043
15/10/14,16313.29981,16313.29981,15855.12012,16141.74023
16/10/14,16137.13965,16211.12012,15935.21973,16117.24023
17/10/14,16118.38965,16427.38086,16118.38965,16380.41016
20/10/14,16373.15039,16401.63086,16260.54004,16399.66992
21/10/14,16406.0293,16620.7793,16405.76953,16614.81055
22/10/14,16615.25977,16653.89063,16459.84961,16461.32031
23/10/14,16468.07031,16767.51953,16468.07031,16677.90039
24/10/14,16677.03906,16811.71094,16649.7207,16805.41016
27/10/14,16796.09961,16836.98047,16729.83008,16817.93945
28/10/14,16825.18945,17006.44922,16825.18945,17005.75
29/10/14,17005.07031,17065.5,16895.38086,16974.31055
30/10/14,16968.14063,17223.96094,16920.75977,17195.41992
31/10/14,17208.7793,17395.53906,17208.7793,17390.51953
03/11/14,17390.90039,17410.65039,17339.84961,17366.24023
04/11/14,17368.81055,17397.23047,17278.35938,17383.83984
05/11/14,17385.75977,17486.58984,17385.75977,17484.5293
06/11/14,17491.66016,17560.31055,17440.34961,17554.4707
07/11/14,17558.58008,17575.33008,17493.36914,17573.92969
10/11/14,17568.98047,17621.86914,17547.50977,17613.74023
11/11/14,17615.64063,17638.21094,17584.93945,17614.90039
12/11/14,17604.75,17626.71094,17536.16992,17612.19922
13/11/14,17618.68945,17705.48047,17583.88086,17652.78906
14/11/14,17653.10938,17664.15039,17613.19922,17634.74023
17/11/14,17631.84961,17675.07031,17606.81055,17647.75
18/11/14,17643.08984,17735.71094,17642.0293,17687.82031
19/11/14,17685.50977,17712.25977,17624.5,17685.73047
20/11/14,17677.32031,17720.43945,17603.89063,17719
21/11/14,17721.01953,17894.83008,17721.01953,17810.06055
24/11/14,17812.63086,17855.26953,17793.18945,17817.90039
25/11/14,17819.05078,17854.73047,17790.89063,17814.93945
26/11/14,17812.25,17833.75977,17791.16016,17827.75
28/11/14,17830.55078,17893.41992,17807.7793,17828.24023
01/12/14,17827.26953,17827.26953,17726.55078,17776.80078
02/12/14,17778.84961,17897.05078,17778.84961,17879.55078
03/12/14,17880.90039,17924.15039,17855.58984,17912.61914
04/12/14,17910.01953,17937.96094,17814.81055,17900.09961
05/12/14,17903.05078,17991.18945,17903.05078,17958.78906
08/12/14,17954.93945,17960.56055,17804.2793,17852.48047
09/12/14,17847.36914,17847.36914,17629.57031,17801.19922
10/12/14,17797.99023,17797.99023,17508.09961,17533.15039
11/12/14,17534.30078,17758.50977,17534.30078,17596.33984
12/12/14,17590.05078,17590.05078,17280.83008,17280.83008
15/12/14,17285.74023,17403.53906,17115.2793,17180.83984
16/12/14,17173.07031,17427.43945,17067.58984,17068.86914
17/12/14,17069.16016,17389.30078,17069.16016,17356.86914
18/12/14,17367.84961,17778.40039,17367.84961,17778.15039
19/12/14,17778.01953,17874.0293,17746.55078,17804.80078
22/12/14,17812.25,17962.7793,17812.25,17959.43945
23/12/14,17971.50977,18069.2207,17970.16016,18024.16992
24/12/14,18035.73047,18086.24023,18027.7793,18030.21094
26/12/14,18038.30078,18103.44922,18038.30078,18053.71094
29/12/14,18046.58008,18073.03906,18021.57031,18038.23047
30/12/14,18035.01953,18035.01953,17959.69922,17983.07031
31/12/14,17987.66016,18043.2207,17820.88086,17823.07031
02/01/15,17823.07031,17951.7793,17731.30078,17832.99023
05/01/15,17821.30078,17821.30078,17475.92969,17501.65039
06/01/15,17504.17969,17581.05078,17262.36914,17371.64063
07/01/15,17374.7793,17597.08008,17374.7793,17584.51953
08/01/15,17591.9707,17916.03906,17591.9707,17907.86914
09/01/15,17911.01953,17915.32031,17686.08984,17737.36914
12/01/15,17742.05078,17793.88086,17571.58008,17640.83984
13/01/15,17645.01953,17923.00977,17498.23047,17613.67969
14/01/15,17609.06055,17609.06055,17264.90039,17427.08984
15/01/15,17436.30078,17517.41016,17298.03906,17320.71094
16/01/15,17320,17528.36914,17243.55078,17511.57031
20/01/15,17516.96094,17588.69922,17346.73047,17515.23047
21/01/15,17509.96094,17599.58008,17396.03906,17554.2793
22/01/15,17557.28906,17840.89063,17482.53906,17813.98047
23/01/15,17812.5,17812.5,17667.5293,17672.59961
26/01/15,17668.10938,17696.35938,17567.59961,17678.69922
27/01/15,17638.5293,17638.5293,17288.31055,17387.21094
28/01/15,17402.91016,17484.41016,17189,17191.36914
29/01/15,17195.28906,17433.13086,17136.30078,17416.84961
30/01/15,17416.84961,17419.90039,17156.82031,17164.94922
02/02/15,17169.99023,17367.67969,17037.75977,17361.03906
03/02/15,17369.9707,17670.75977,17369.9707,17666.40039
04/02/15,17664.99023,17782.2207,17603.21094,17673.01953
05/02/15,17677.25977,17889.58008,17677.25977,17884.88086
06/02/15,17881.53906,17951.08984,17764.40039,17824.28906
09/02/15,17821.49023,17821.49023,17685.32031,17729.21094
10/02/15,17736.15039,17890.33984,17729.24023,17868.75977
11/02/15,17867.85938,17897.21094,17759.65039,17862.14063
12/02/15,17862.14063,17975.65039,17862.14063,17972.38086
13/02/15,17968.65039,18037.41016,17961.75977,18019.34961
17/02/15,18019.80078,18052.00977,17951.41016,18047.58008
18/02/15,18045.7207,18048.69922,17982.19922,18029.84961
19/02/15,18028.66992,18028.66992,17924.59961,17985.76953
20/02/15,17985.76953,18144.28906,17878.36914,18140.43945
23/02/15,18140.75977,18141.21094,18054.83984,18116.83984
24/02/15,18112.57031,18231.08984,18098.73047,18209.18945
25/02/15,18208.66992,18244.38086,18182.75977,18224.57031
26/02/15,18224.41016,18239.42969,18157.07031,18214.41992
27/02/15,18213.25977,18213.25977,18132.38086,18132.69922
02/03/15,18134.05078,18288.63086,18122.58984,18288.63086
03/03/15,18281.94922,18281.94922,18136.88086,18203.36914
04/03/15,18203.36914,18203.36914,18029.5,18096.90039
05/03/15,18096.90039,18160.34961,18087.65039,18135.7207
06/03/15,18135.7207,18135.7207,17825.15039,17856.7793
09/03/15,17856.56055,18031.03906,17856.56055,17995.7207
10/03/15,17989.56055,17989.56055,17662.93945,17662.93945
11/03/15,17662.93945,17731.7793,17627,17635.39063
12/03/15,17626.83984,17900.09961,17620.49023,17895.2207
13/03/15,17889.05078,17889.05078,17629.89063,17749.31055
16/03/15,17751.24023,17988.5,17751.24023,17977.41992
17/03/15,17972.2207,17972.2207,17785.78906,17849.08008
18/03/15,17846.80078,18097.11914,17697.51953,18076.18945
19/03/15,18072.58008,18072.99023,17934.24023,17959.0293
20/03/15,17961.13086,18197.28906,17961.13086,18127.65039
23/03/15,18136.73047,18205.92969,18116.03906,18116.03906
24/03/15,18110.86914,18149.24023,18010.43945,18011.14063
25/03/15,18012.60938,18041.9707,17718.53906,17718.53906
26/03/15,17716.26953,17759.50977,17579.26953,17678.23047
27/03/15,17673.63086,17729.14063,17630.49023,17712.66016
30/03/15,17727.48047,18008.64063,17727.48047,17976.31055
31/03/15,17965.36914,17965.36914,17773.01953,17776.11914
01/04/15,17778.51953,17778.51953,17585.00977,17698.17969
02/04/15,17699.51953,17815.0293,17673.49023,17763.24023
06/04/15,17755.5,17941.78906,17646.80078,17880.84961
07/04/15,17884.32031,17983.11914,17871.21094,17875.41992
08/04/15,17877.61914,17976.19922,17822.23047,17902.50977
09/04/15,17902.50977,17984.2207,17823.09961,17958.73047
10/04/15,17956.73047,18066.75977,17945.55078,18057.65039
13/04/15,18052.32031,18107.57031,17974.81055,17977.03906
14/04/15,17979.10938,18075.59961,17905.48047,18036.69922
15/04/15,18045.71094,18160.51953,18045.71094,18112.60938
16/04/15,18106.26953,18169.25977,18063.85938,18105.76953
17/04/15,18102.56055,18102.56055,17748.5293,17826.30078
20/04/15,17841.17969,18092.2207,17841.17969,18034.92969
21/04/15,18034.23047,18109.69922,17929.63086,17949.58984
22/04/15,17950.82031,18056.01953,17887.75977,18038.26953
23/04/15,18031.90039,18133.0293,17966.76953,18058.68945
24/04/15,18056.41992,18108.86914,18009.08008,18080.14063
27/04/15,18097.89063,18175.56055,18024.66016,18037.9707
28/04/15,18035.90039,18119.65039,17917.35938,18110.14063
29/04/15,18093.68945,18096.46094,17953.68945,18035.5293
30/04/15,18033.33008,18033.33008,17774.89063,17840.51953
01/05/15,17859.26953,18028.89063,17859.26953,18024.06055
04/05/15,18026.01953,18133.75977,18026.01953,18070.40039
05/05/15,18062.5293,18086.00977,17905.71094,17928.19922
06/05/15,17934.81055,18019.75,17733.11914,17841.98047
07/05/15,17840.25,17973.07031,17796.93945,17924.06055
08/05/15,17933.64063,18205.23047,17933.64063,18191.10938
11/05/15,18187.7793,18199.94922,18089.10938,18105.16992
12/05/15,18096.16016,18119.17969,17924.80078,18068.23047
13/05/15,18070.36914,18132.78906,18039.19922,18060.49023
14/05/15,18062.49023,18255.21094,18062.49023,18252.24023
15/05/15,18251.9707,18272.7207,18215.07031,18272.56055
18/05/15,18267.25,18325.53906,18244.25977,18298.88086
19/05/15,18300.48047,18351.35938,18261.34961,18312.39063
20/05/15,18315.06055,18350.13086,18272.56055,18285.40039
21/05/15,18285.86914,18314.89063,18249.90039,18285.74023
22/05/15,18286.86914,18286.86914,18217.14063,18232.01953
26/05/15,18229.75,18229.75,17990.01953,18041.53906
27/05/15,18045.08008,18190.34961,18045.08008,18162.99023
28/05/15,18154.14063,18154.14063,18066.40039,18126.11914
29/05/15,18128.11914,18128.11914,17967.74023,18010.67969
01/06/15,18017.82031,18105.83008,17982.06055,18040.36914
02/06/15,18033.33008,18091.86914,17925.33008,18011.93945
03/06/15,18018.41992,18168.08984,18010.41992,18076.26953
04/06/15,18072.4707,18087.15039,17876.94922,17905.58008
05/06/15,17905.38086,17940.7793,17822.90039,17849.46094
08/06/15,17849.46094,17852.34961,17760.60938,17766.55078
09/06/15,17766.94922,17817.83008,17714.9707,17764.03906
10/06/15,17765.38086,18045.14063,17765.38086,18000.40039
11/06/15,18001.26953,18109.76953,18001.26953,18039.36914
12/06/15,18035.83008,18035.83008,17857.07031,17898.83984
15/06/15,17890.75977,17890.75977,17698.41992,17791.16992
16/06/15,17787.42969,17919.61914,17774.11914,17904.48047
17/06/15,17909.58008,17998,17839.65039,17935.74023
18/06/15,17944.60938,18174.73047,17944.60938,18115.83984
19/06/15,18116.24023,18117.71094,18010.58008,18015.94922
22/06/15,18027.63086,18181.66992,18027.63086,18119.7793
23/06/15,18121.7793,18188.81055,18108.09961,18144.07031
24/06/15,18139.09961,18139.09961,17966.07031,17966.07031
25/06/15,17977.10938,18036.09961,17890.35938,17890.35938
26/06/15,17892.0293,18013.15039,17892.0293,17946.67969
29/06/15,17936.74023,17936.74023,17590.55078,17596.34961
30/06/15,17599.96094,17714.66016,17576.5,17619.50977
01/07/15,17638.11914,17801.83008,17638.11914,17757.91016
02/07/15,17763.32031,17825.49023,17687.51953,17730.10938
06/07/15,17728.08008,17734.35938,17564.35938,17683.58008
07/07/15,17684.91992,17793.44922,17465.67969,17776.91016
08/07/15,17759.00977,17759.00977,17496.2207,17515.41992
09/07/15,17530.38086,17764.84961,17530.38086,17548.61914
10/07/15,17561.11914,17797.49023,17561.11914,17760.41016
13/07/15,17787.26953,17987.57031,17787.26953,17977.67969
14/07/15,17974.60938,18072.82031,17956.16992,18053.58008
15/07/15,18053.38086,18090.39063,18010.15039,18050.16992
16/07/15,18078.16016,18131.60938,18065.33008,18120.25
17/07/15,18117.58008,18121.11914,18032.06055,18086.44922
20/07/15,18085.91016,18137.11914,18064.5,18100.41016
21/07/15,18096.66992,18096.66992,17868.33984,17919.28906
22/07/15,17918.34961,17919.34961,17807.41016,17851.03906
23/07/15,17853.7793,17860.94922,17705.0293,17731.91992
24/07/15,17731.05078,17756.53906,17553.73047,17568.5293
27/07/15,17561.7793,17561.7793,17399.16992,17440.58984
28/07/15,17449.81055,17650.07031,17449.81055,17630.26953
29/07/15,17631.40039,17776.7793,17629.19922,17751.39063
30/07/15,17743.24023,17761.25,17640.84961,17745.98047
31/07/15,17755.86914,17783.58984,17671.58984,17689.85938
03/08/15,17696.74023,17704.75977,17496.60938,17598.19922
04/08/15,17596.92969,17635.7793,17505.5,17550.68945
05/08/15,17555.24023,17661.36914,17492.90039,17540.4707
06/08/15,17542.60938,17572.03906,17362.85938,17419.75
07/08/15,17414.93945,17414.93945,17279.08008,17373.38086
10/08/15,17375.17969,17629.13086,17375.17969,17615.16992
11/08/15,17593.58984,17593.58984,17352.63086,17402.83984
12/08/15,17382.92969,17423.90039,17125.81055,17402.50977
13/08/15,17401.64063,17481.7793,17341.33984,17408.25
14/08/15,17410.11914,17492.90039,17394.06055,17477.40039
17/08/15,17472.66016,17551.40039,17341.7207,17545.17969
18/08/15,17537.30078,17568.40039,17486.41992,17511.33984
19/08/15,17508.74023,17517.18945,17282.41992,17348.73047
20/08/15,17345.32031,17345.32031,16990.68945,16990.68945
21/08/15,16990.68945,16990.68945,16459.55078,16459.75
24/08/15,16459.75,16459.75,15370.33008,15871.34961
25/08/15,15882.26953,16312.94043,15651.24023,15666.44043
26/08/15,15676.25977,16303.75,15676.25977,16285.50977
27/08/15,16285.50977,16666.68945,16285.50977,16654.76953
28/08/15,16649.41992,16669.9707,16535.17969,16643.00977
31/08/15,16632.01953,16388.25977,16444.05078,16528.0293
01/09/15,16528.0293,16528.0293,15979.9502,16058.34961
02/09/15,16058.34961,16352.58008,16058.34961,16351.37988
03/09/15,16364.33984,16550.07031,16317.30957,16374.75977
04/09/15,16371.75977,16371.75977,16026.61035,16102.37988
08/09/15,16109.92969,16503.41016,16109.92969,16492.67969
09/09/15,16505.03906,16664.65039,16220.09961,16253.57031
10/09/15,16252.57031,16441.93945,16212.08008,16330.40039
11/09/15,16330.40039,16434.75977,16244.65039,16433.08984
14/09/15,16450.85938,16450.85938,16330.87012,16370.95996
15/09/15,16382.58008,16644.10938,16382.58008,16599.84961
16/09/15,16599.50977,16755.98047,16593.90039,16739.94922
17/09/15,16738.08008,16933.42969,16639.92969,16674.74023
18/09/15,16674.74023,16674.74023,16343.75977,16384.58008
21/09/15,16406.09961,16578.59961,16391.88086,16510.18945
22/09/15,16477.44922,16477.44922,16221.73047,16330.46973
23/09/15,16332.80957,16355.29004,16211.98047,16279.88965
24/09/15,16257.11035,16257.11035,16016.36035,16201.32031
25/09/15,16205.07031,16465.23047,16205.07031,16314.66992
28/09/15,16313.25977,16313.25977,15981.84961,16001.88965
29/09/15,16001.75977,16118.88965,15942.37012,16049.12988
30/09/15,16057.08008,16297.59961,16057.08008,16284.7002
01/10/15,16278.62012,16348.87012,16073.82031,16272.00977
02/10/15,16258.25,16472.76953,16013.66016,16472.36914
05/10/15,16502.09961,16798.36914,16502.09961,16776.42969
06/10/15,16774.01953,16865.08984,16746.0293,16790.18945
07/10/15,16805.41992,16963.30078,16765,16912.28906
08/10/15,16904.16992,17081.2793,16859.33984,17050.75
09/10/15,17054.68945,17110.88086,17027.23047,17084.49023
12/10/15,17082.28906,17139.21094,17064.58008,17131.85938
13/10/15,17113.55078,17172.81055,17034.44922,17081.89063
14/10/15,17079.08008,17111.38086,16887.66992,16924.75
15/10/15,16944.85938,17144.41992,16933.57031,17141.75
16/10/15,17141.75,17220.01953,17107.34961,17215.9707
19/10/15,17209.42969,17235.94922,17129.18945,17230.53906
20/10/15,17228.4707,17264.88086,17147.99023,17217.10938
21/10/15,17225.92969,17314.99023,17153.13086,17168.60938
22/10/15,17180.88086,17505.17969,17180.88086,17489.16016
23/10/15,17525.10938,17679.36914,17525.10938,17646.69922
26/10/15,17649.57031,17660.69922,17602.50977,17623.05078
27/10/15,17608.89063,17635.17969,17540.57031,17581.42969
28/10/15,17586.68945,17779.94922,17556.71094,17779.51953
29/10/15,17771.5,17786,17684.7207,17755.80078
30/10/15,17756.59961,17799.96094,17662.86914,17663.53906
02/11/15,17672.61914,17845.90039,17655.01953,17828.75977
03/11/15,17819.74023,17977.84961,17796.01953,17918.15039
04/11/15,17929.58008,17964.11914,17828.83008,17867.58008
05/11/15,17871.25,17929.50977,17779.18945,17863.42969
06/11/15,17855.2207,17912.03906,17768.59961,17910.33008
09/11/15,17900.7793,17900.7793,17667.7793,17730.48047
10/11/15,17724.13086,17768.66016,17657.7207,17758.21094
11/11/15,17769.5,17807.17969,17696.91016,17702.2207
12/11/15,17691.92969,17691.92969,17443.5,17448.07031
13/11/15,17439.25,17439.25,17238.89063,17245.24023
16/11/15,17229.93945,17483.00977,17210.42969,17483.00977
17/11/15,17486.99023,17599.33008,17451.41016,17489.5
18/11/15,17485.49023,17752.16016,17485.49023,17737.16016
19/11/15,17739.83008,17772.9707,17681.98047,17732.75
20/11/15,17732.75,17914.33984,17732.75,17823.81055
23/11/15,17823.60938,17868.17969,17751.5293,17792.67969
24/11/15,17770.90039,17862.59961,17683.50977,17812.18945
25/11/15,17820.81055,17854.91992,17801.83008,17813.39063
27/11/15,17806.03906,17830.35938,17749.32031,17813.39063
30/11/15,17802.83984,17837.24023,17719.78906,17719.91992
01/12/15,17719.7207,17895.5,17719.7207,17888.34961
02/12/15,17883.14063,17901.58008,17708.19922,17729.67969
03/12/15,17741.57031,17780.58984,17425.56055,17477.66992
04/12/15,17482.67969,17866.4707,17482.67969,17847.63086
07/12/15,17845.49023,17845.49023,17639.25,17730.50977
08/12/15,17703.99023,17703.99023,17485.39063,17568
09/12/15,17558.17969,17767.68945,17403.50977,17492.30078
10/12/15,17493.16992,17697.74023,17474.66016,17574.75
11/12/15,17574.75,17574.75,17230.5,17265.21094
14/12/15,17277.10938,17378.01953,17138.4707,17368.5
15/12/15,17374.7793,17627.63086,17341.17969,17524.91016
16/12/15,17530.84961,17784.35938,17483.67969,17749.08984
17/12/15,17756.53906,17796.75977,17493.5,17495.83984
18/12/15,17495.03906,17496.58008,17124.31055,17128.55078
21/12/15,17154.93945,17272.35938,17116.73047,17251.61914
22/12/15,17253.55078,17451.10938,17242.85938,17417.26953
23/12/15,17427.63086,17607.91992,17427.63086,17602.60938
24/12/15,17593.25977,17606.33984,17543.94922,17552.16992
28/12/15,17535.66016,17536.90039,17437.33984,17528.26953
29/12/15,17547.36914,17750.01953,17547.36914,17720.98047
30/12/15,17711.93945,17714.13086,17588.86914,17603.86914
31/12/15,17590.66016,17590.66016,17421.16016,17425.0293
04/01/16,17405.48047,17405.48047,16957.63086,17148.93945
05/01/16,17147.5,17195.83984,17038.60938,17158.66016
06/01/16,17154.83008,17154.83008,16817.61914,16906.50977
07/01/16,16888.35938,16888.35938,16463.63086,16514.09961
08/01/16,16519.16992,16651.89063,16314.57031,16346.4502
11/01/16,16358.70996,16461.84961,16232.03027,16398.57031
12/01/16,16419.10938,16591.34961,16322.07031,16516.2207
13/01/16,16526.63086,16593.50977,16123.2002,16151.41016
14/01/16,16159.00977,16482.05078,16075.12012,16379.04981
15/01/16,16354.33008,16354.33008,15842.11035,15988.08008
19/01/16,16009.4502,16171.95996,15900.25,16016.01953
20/01/16,15989.4502,15989.4502,15450.55957,15766.74023
21/01/16,15768.87012,16038.58984,15704.66016,15882.67969
22/01/16,15921.09961,16136.79004,15921.09961,16093.50977
25/01/16,16086.45996,16086.45996,15880.15039,15885.21973
26/01/16,15893.16016,16185.79004,15893.16016,16167.23047
27/01/16,16168.74023,16235.03027,15878.29981,15944.45996
28/01/16,15960.28027,16102.13965,15863.71973,16069.63965
29/01/16,16090.25977,16466.30078,16090.25977,16466.30078
01/02/16,16453.63086,16510.98047,16299.46973,16449.17969
02/02/16,16420.21094,16420.21094,16108.44043,16153.54004
03/02/16,16186.2002,16381.69043,15960.4502,16336.66016
04/02/16,16329.66992,16485.83984,16266.16016,16416.58008
05/02/16,16417.94922,16423.63086,16129.80957,16204.96973
08/02/16,16147.50977,16147.50977,15803.54981,16027.04981
09/02/16,16005.41016,16136.62012,15881.11035,16014.37988
10/02/16,16035.61035,16201.88965,15899.91016,15914.74023
11/02/16,15897.82031,15897.82031,15503.00977,15660.17969
12/02/16,15691.62012,15974.04004,15691.62012,15973.83984
16/02/16,16012.38965,16196.41016,16012.38965,16196.41016
17/02/16,16217.98047,16486.11914,16217.98047,16453.83008
18/02/16,16483.75977,16511.83984,16390.42969,16413.42969
19/02/16,16410.96094,16410.96094,16278,16391.99023
22/02/16,16417.13086,16664.24023,16417.13086,16620.66016
23/02/16,16610.39063,16610.39063,16403.5293,16431.7793
24/02/16,16418.83984,16507.39063,16165.86035,16484.99023
25/02/16,16504.38086,16697.98047,16458.41992,16697.28906
26/02/16,16712.69922,16795.98047,16623.91016,16639.9707
29/02/16,16634.15039,16726.11914,16510.40039,16516.5
01/03/16,16545.66992,16865.56055,16545.66992,16865.08008
02/03/16,16851.16992,16900.16992,16766.32031,16899.32031
03/03/16,16896.16992,16944.31055,16820.73047,16943.90039
04/03/16,16945,17062.38086,16898.83984,17006.76953
07/03/16,16991.28906,17099.25,16940.48047,17073.94922
08/03/16,17050.66992,17072.78906,16921.50977,16964.09961
09/03/16,16969.16992,17048.5,16947.93945,17000.35938
10/03/16,17006.05078,17130.10938,16821.85938,16995.13086
11/03/16,17014.99023,17220.08984,17014.99023,17213.31055
14/03/16,17207.49023,17275.07031,17161.16016,17229.13086
15/03/16,17217.15039,17251.69922,17120.34961,17251.5293
16/03/16,17249.33984,17379.17969,17204.07031,17325.75977
17/03/16,17321.38086,17529.00977,17297.65039,17481.49023
18/03/16,17481.49023,17620.58008,17481.49023,17602.30078
21/03/16,17589.69922,17644.9707,17551.2793,17623.86914
22/03/16,17602.71094,17648.93945,17540.41992,17582.57031
23/03/16,17588.81055,17588.81055,17486.26953,17502.58984
24/03/16,17485.33008,17517.14063,17399.00977,17515.73047
28/03/16,17526.08008,17583.81055,17493.0293,17535.39063
29/03/16,17512.58008,17642.81055,17434.26953,17633.10938
30/03/16,17652.35938,17790.10938,17652.35938,17716.66016
31/03/16,17716.05078,17755.69922,17669.7207,17685.08984
01/04/16,17661.74023,17811.48047,17568.01953,17792.75
04/04/16,17799.39063,17806.38086,17710.66992,17737
05/04/16,17718.0293,17718.0293,17579.56055,17603.32031
06/04/16,17605.44922,17723.55078,17542.53906,17716.05078
07/04/16,17687.2793,17687.2793,17484.23047,17541.96094
08/04/16,17555.39063,17694.50977,17528.16016,17576.96094
11/04/16,17586.48047,17731.63086,17555.90039,17556.41016
12/04/16,17571.33984,17744.42969,17553.57031,17721.25
13/04/16,17741.66016,17918.34961,17741.66016,17908.2793
14/04/16,17912.25,17962.14063,17885.43945,17926.42969
15/04/16,17925.94922,17937.65039,17867.41016,17897.46094
18/04/16,17890.19922,18009.5293,17848.2207,18004.16016
19/04/16,18012.09961,18103.46094,17984.42969,18053.59961
20/04/16,18059.49023,18167.63086,18031.21094,18096.26953
21/04/16,18092.83984,18107.28906,17963.89063,17982.51953
22/04/16,17985.05078,18026.84961,17909.89063,18003.75
25/04/16,17990.93945,17990.93945,17855.55078,17977.24023
26/04/16,17987.38086,18043.76953,17934.16992,17990.32031
27/04/16,17996.14063,18084.66016,17920.25977,18041.55078
28/04/16,18023.88086,18035.73047,17796.55078,17830.75977
29/04/16,17813.08984,17814.83008,17651.98047,17773.64063
02/05/16,17783.7793,17912.34961,17773.71094,17891.16016
03/05/16,17870.75,17870.75,17670.88086,17750.91016
04/05/16,17735.01953,17738.06055,17609.00977,17651.25977
05/05/16,17664.48047,17736.10938,17615.82031,17660.71094
06/05/16,17650.30078,17744.53906,17580.38086,17740.63086
09/05/16,17743.84961,17783.16016,17668.38086,17705.91016
10/05/16,17726.66016,17934.60938,17726.66016,17928.34961
11/05/16,17919.0293,17919.0293,17711.05078,17711.11914
12/05/16,17711.11914,17798.18945,17625.38086,17720.5
13/05/16,17711.11914,17734.74023,17512.48047,17535.32031
16/05/16,17531.75977,17755.80078,17531.75977,17710.71094
17/05/16,17701.46094,17701.46094,17469.91992,17529.98047
18/05/16,17501.2793,17636.2207,17418.21094,17526.61914
19/05/16,17514.16016,17514.16016,17331.07031,17435.40039
20/05/16,17437.32031,17571.75,17437.32031,17500.93945
23/05/16,17507.03906,17550.69922,17480.05078,17492.92969
24/05/16,17525.18945,17742.58984,17525.18945,17706.05078
25/05/16,17735.08984,17891.71094,17735.08984,17851.50977
26/05/16,17859.51953,17888.66016,17803.82031,17828.28906
27/05/16,17826.84961,17873.2207,17824.73047,17873.2207
31/05/16,17891.5,17899.24023,17724.0293,17787.19922
01/06/16,17754.55078,17809.17969,17664.78906,17789.66992
02/06/16,17789.05078,17838.56055,17703.55078,17838.56055
03/06/16,17799.80078,17833.16992,17689.67969,17807.06055
06/06/16,17825.68945,17949.67969,17822.81055,17920.33008
07/06/16,17936.2207,18003.23047,17936.2207,17938.2793
08/06/16,17931.91016,18016,17931.91016,18005.05078
09/06/16,17969.98047,18005.2207,17915.88086,17985.18945
10/06/16,17938.82031,17938.82031,17812.33984,17865.33984
13/06/16,17830.5,17893.2793,17731.34961,17732.48047
14/06/16,17710.76953,17733.91992,17595.78906,17674.82031
15/06/16,17703.65039,17762.96094,17629.00977,17640.16992
16/06/16,17602.23047,17754.91016,17471.28906,17733.09961
17/06/16,17733.43945,17733.43945,17602.7793,17675.16016
20/06/16,17736.86914,17946.35938,17736.86914,17804.86914
21/06/16,17827.33008,17877.83984,17799.80078,17829.73047
22/06/16,17832.66992,17920.16016,17770.35938,17780.83008
23/06/16,17844.10938,18011.07031,17844.10938,18011.07031
24/06/16,17946.63086,17946.63086,17356.33984,17400.75
27/06/16,17355.21094,17355.21094,17063.08008,17140.24023
28/06/16,17190.50977,17409.7207,17190.50977,17409.7207
29/06/16,17456.01953,17704.50977,17456.01953,17694.67969
30/06/16,17712.75977,17930.60938,17711.80078,17929.99023
01/07/16,17924.24023,18002.38086,17916.91016,17949.36914
05/07/16,17904.44922,17904.44922,17785.2793,17840.61914
06/07/16,17807.4707,17926.91016,17713.44922,17918.61914
07/07/16,17924.24023,17984.94922,17816.65039,17895.88086
08/07/16,17971.2207,18166.76953,17971.2207,18146.74023
11/07/16,18161.5293,18283.90039,18161.5293,18226.92969
12/07/16,18259.11914,18371.94922,18259.11914,18347.66992
13/07/16,18356.7793,18390.16016,18315.75977,18372.11914
14/07/16,18414.30078,18537.57031,18414.30078,18506.41016
15/07/16,18508.88086,18557.42969,18471.61914,18516.55078
18/07/16,18521.55078,18556.13086,18489.83984,18533.05078
19/07/16,18503.11914,18562.5293,18495.10938,18559.00977
20/07/16,18582.69922,18622.00977,18555.65039,18595.0293
21/07/16,18589.96094,18590.43945,18469.66992,18517.23047
22/07/16,18524.15039,18571.30078,18491.58984,18570.84961
25/07/16,18554.49023,18555.68945,18452.61914,18493.06055
26/07/16,18497.36914,18522.4707,18387.2207,18473.75
27/07/16,18473.26953,18542.39063,18430.93945,18472.16992
28/07/16,18461.00977,18483.25977,18368.82031,18456.34961
29/07/16,18442.51953,18466.55078,18371.11914,18432.24023
01/08/16,18434.5,18467.0293,18355.75,18404.50977
02/08/16,18401.15039,18403.65039,18247.78906,18313.76953
03/08/16,18313.08008,18355,18283.23047,18355
04/08/16,18351.42969,18397.86914,18325.16992,18352.05078
05/08/16,18402.80078,18543.5293,18402.80078,18543.5293
08/08/16,18541.89063,18569.31055,18502.0293,18529.28906
09/08/16,18538.05078,18585.32031,18507.75,18533.05078
10/08/16,18541.48047,18561.75,18468.7793,18495.66016
11/08/16,18519.08008,18638.33984,18519.08008,18613.51953
12/08/16,18595.65039,18606.06055,18535.85938,18576.4707
15/08/16,18588.58984,18722.60938,18559.92969,18636.05078
16/08/16,18614.48047,18614.85938,18550.65039,18552.01953
17/08/16,18537.08984,18582.34961,18468.67969,18573.93945
18/08/16,18566.53906,18600.82031,18533.28906,18597.69922
19/08/16,18585.16992,18585.16992,18491.24023,18552.57031
22/08/16,18535.85938,18570.91992,18466.85938,18529.41992
23/08/16,18568.93945,18631.59961,18545.51953,18547.30078
24/08/16,18537.5,18539.15039,18448.26953,18481.48047
25/08/16,18471.21094,18497.67969,18431.46094,18448.41016
26/08/16,18467.91992,18572.08984,18335.33984,18395.40039
29/08/16,18421.28906,18523.08984,18419.91992,18502.99023
30/08/16,18491.2793,18514.28906,18408.51953,18454.30078
31/08/16,18436.69922,18439.67969,18333.56055,18400.88086
01/09/16,18396.57031,18430.05078,18295.48047,18419.30078
02/09/16,18466.00977,18544.75977,18439.09961,18491.96094
06/09/16,18493.40039,18551.53906,18450.32031,18538.11914
07/09/16,18527.71094,18536.89063,18474.76953,18526.14063
08/09/16,18486.68945,18506.24023,18446.68945,18479.91016
09/09/16,18404.16992,18404.16992,18085.44922,18085.44922
12/09/16,18028.94922,18358.68945,17994.83984,18325.07031
13/09/16,18262.99023,18262.99023,18028.06055,18066.75
14/09/16,18073.39063,18163.48047,17992.21094,18034.76953
15/09/16,18024.91016,18250.10938,18015.49023,18212.48047
16/09/16,18217.21094,18217.21094,18070.21094,18123.80078
19/09/16,18154.82031,18254.88086,18093.05078,18120.16992
20/09/16,18175.35938,18227.21094,18128.80078,18129.96094
21/09/16,18164.96094,18307.42969,18121.57031,18293.69922
22/09/16,18343.75977,18449.88086,18343.75977,18392.46094
23/09/16,18377.35938,18383.75977,18254.83984,18261.44922
26/09/16,18217.75977,18217.75977,18083.32031,18094.83008
27/09/16,18099.21094,18238.09961,18052.16016,18228.30078
28/09/16,18240.2207,18349.85938,18179.33984,18339.24023
29/09/16,18322.88086,18366.23047,18091.64063,18143.44922
30/09/16,18181.80078,18369.61914,18181.80078,18308.15039
03/10/16,18279.59961,18279.80078,18203.75,18253.84961
04/10/16,18267.67969,18313.76953,18116.25977,18168.44922
05/10/16,18205.5,18315.82031,18205.5,18281.0293
06/10/16,18280.41992,18288.11914,18162.9707,18268.5
07/10/16,18295.34961,18319.73047,18149.34961,18240.49023
10/10/16,18282.94922,18399.96094,18282.94922,18329.03906
11/10/16,18308.42969,18312.33008,18061.96094,18128.66016
12/10/16,18132.63086,18193.96094,18082.08984,18144.19922
13/10/16,18088.32031,18137.69922,17959.94922,18098.93945
14/10/16,18177.34961,18261.10938,18138.38086,18138.38086
17/10/16,18135.84961,18162.2793,18063.01953,18086.40039
18/10/16,18145.06055,18225.80078,18129.44922,18161.93945
19/10/16,18178.21094,18252.19922,18169.25,18202.61914
20/10/16,18161.86914,18249.05078,18129.07031,18162.34961
21/10/16,18152.63086,18168.75977,18049.76953,18145.71094
24/10/16,18197.14063,18275.03906,18191.17969,18223.0293
25/10/16,18206.51953,18241.68945,18151.69922,18169.26953
26/10/16,18103.80078,18236.03906,18062.30078,18199.33008
27/10/16,18234.81055,18253.19922,18149.19922,18169.67969
28/10/16,18193.78906,18257.06055,18094.9707,18161.18945
31/10/16,18176.59961,18193.67969,18130.58008,18142.41992
01/11/16,18158.24023,18177.00977,17940.83984,18037.09961
02/11/16,18017.7207,18044.15039,17931.89063,17959.64063
03/11/16,17978.75,18006.96094,17904.07031,17930.66992
04/11/16,17928.34961,17986.75977,17883.56055,17888.2793
07/11/16,17994.64063,18263.30078,17994.64063,18259.59961
08/11/16,18251.38086,18400.5,18200.75,18332.74023
09/11/16,18317.25977,18650.06055,18252.55078,18589.68945
10/11/16,18603.14063,18873.66016,18603.14063,18807.88086
11/11/16,18781.65039,18855.7793,18736.96094,18847.66016
14/11/16,18876.76953,18934.05078,18815.75,18868.68945
15/11/16,18858.21094,18925.25977,18806.06055,18923.06055
16/11/16,18909.84961,18909.84961,18825.89063,18868.14063
17/11/16,18866.2207,18904.0293,18845.26953,18903.82031
18/11/16,18905.33008,18915.74023,18853.83008,18867.92969
21/11/16,18898.67969,18960.75977,18883.09961,18956.68945
22/11/16,18970.39063,19043.90039,18962.82031,19023.86914
23/11/16,19015.51953,19083.75977,19000.38086,19083.17969
25/11/16,19093.7207,19152.14063,19093.7207,19152.14063
28/11/16,19122.14063,19138.7207,19072.25,19097.90039
29/11/16,19064.07031,19144.40039,19062.2207,19121.59961
30/11/16,19135.64063,19225.28906,19123.38086,19123.58008
01/12/16,19149.19922,19214.30078,19138.78906,19191.92969
02/12/16,19161.25,19196.14063,19141.17969,19170.41992
05/12/16,19244.34961,19274.84961,19186.73047,19216.24023
06/12/16,19219.91016,19255.89063,19184.74023,19251.7793
07/12/16,19241.99023,19558.41992,19229.83008,19549.61914
08/12/16,19559.93945,19664.9707,19527.83008,19614.81055
09/12/16,19631.34961,19757.74023,19623.18945,19756.84961
12/12/16,19770.19922,19824.58984,19747.74023,19796.42969
13/12/16,19852.21094,19953.75,19846.44922,19911.21094
14/12/16,19876.13086,19966.42969,19748.66992,19792.5293
15/12/16,19811.5,19951.28906,19811.5,19852.24023
16/12/16,19909.00977,19923.16992,19821,19843.41016
19/12/16,19836.66016,19917.7793,19832.94922,19883.06055
20/12/16,19920.58984,19987.63086,19920.41992,19974.61914
21/12/16,19968.9707,19986.56055,19941.96094,19941.96094
22/12/16,19922.67969,19933.83008,19882.18945,19918.88086
23/12/16,19908.60938,19934.15039,19899.06055,19933.81055
27/12/16,19943.46094,19980.24023,19939.80078,19945.03906
28/12/16,19964.31055,19981.10938,19827.31055,19833.67969
29/12/16,19835.46094,19878.43945,19788.93945,19819.7793
30/12/16,19833.16992,19852.55078,19718.66992,19762.59961
03/01/17,19872.85938,19938.5293,19775.92969,19881.75977
04/01/17,19890.93945,19956.14063,19878.83008,19942.16016
05/01/17,19924.56055,19948.59961,19811.11914,19899.28906
06/01/17,19906.96094,19999.63086,19834.08008,19963.80078
09/01/17,19931.41016,19943.7793,19887.38086,19887.38086
10/01/17,19876.34961,19957.11914,19836.0293,19855.5293
11/01/17,19887.38086,19973.41992,19833.16016,19954.2793
12/01/17,19926.21094,19929.28906,19770.4707,19891
13/01/17,19912.53906,19952.0293,19849.38086,19885.73047
17/01/17,19848.82031,19882.99023,19775.34961,19826.76953
18/01/17,19822.73047,19828.19922,19739,19804.7207
19/01/17,19813.55078,19824.14063,19677.93945,19732.40039
20/01/17,19795.06055,19843.93945,19759.14063,19827.25
23/01/17,19794.78906,19833.98047,19732.35938,19799.84961
24/01/17,19794.67969,19949.24023,19786.71094,19912.71094
25/01/17,19994.48047,20082,19994.48047,20068.50977
26/01/17,20076.25,20125.58008,20067.5293,20100.91016
27/01/17,20103.35938,20115.9707,20072.64063,20093.7793
30/01/17,20028.61914,20028.61914,19870.39063,19971.13086
31/01/17,19913.16016,19918.16992,19784.76953,19864.08984
01/02/17,19923.81055,19967.73047,19845.99023,19890.93945
02/02/17,19858.33984,19922.75,19831.08984,19884.91016
03/02/17,19964.21094,20081.48047,19964.21094,20071.46094
06/02/17,20025.60938,20094.94922,20002.81055,20052.41992
07/02/17,20107.61914,20155.34961,20068.67969,20090.28906
08/02/17,20049.28906,20068.2793,20015.33008,20054.33984
09/02/17,20061.73047,20206.35938,20061.73047,20172.40039
10/02/17,20211.23047,20298.21094,20204.75977,20269.36914
13/02/17,20338.53906,20441.48047,20322.94922,20412.16016
14/02/17,20374.2207,20504.41016,20374.01953,20504.41016
15/02/17,20504.26953,20620.44922,20496.0293,20611.85938
16/02/17,20627.31055,20639.86914,20556.83008,20619.76953
17/02/17,20564.13086,20624.05078,20532.60938,20624.05078
21/02/17,20663.42969,20757.64063,20663.36914,20743
22/02/17,20715.41016,20781.58984,20692.39063,20775.59961
23/02/17,20817.21094,20840.69922,20746.41016,20810.32031
24/02/17,20751.91016,20821.75977,20733.94922,20821.75977
27/02/17,20808.71094,20851.33008,20774.75977,20837.43945
28/02/17,20833.88086,20841.24023,20781.21094,20812.24023
01/03/17,20957.28906,21169.10938,20957.28906,21115.55078
02/03/17,21128.91016,21129.19922,20996.60938,21002.9707
03/03/17,21008.75,21039.96094,20953.85938,21005.71094
06/03/17,20955.71094,20986.42969,20912.10938,20954.33984
07/03/17,20934.89063,20970.53906,20901.25977,20924.75977
08/03/17,20940.43945,20951.43945,20835.58008,20855.73047
09/03/17,20864.32031,20900.57031,20777.16016,20858.18945
10/03/17,20919.00977,20940.28906,20827.66016,20902.98047
13/03/17,20899.2793,20926.06055,20845.71094,20881.48047
14/03/17,20848.59961,20874,20786.31055,20837.36914
15/03/17,20874.7793,20977.4707,20859.59961,20950.09961
16/03/17,20969.26953,21000.10938,20893.5,20934.55078
17/03/17,20965.36914,20980.50977,20911.07031,20914.61914
20/03/17,20916.26953,20955.44922,20885.69922,20905.85938
21/03/17,20956.33008,20970.03906,20653.25977,20668.00977
22/03/17,20640.41992,20686.21094,20578.94922,20661.30078
23/03/17,20645.07031,20757.89063,20618.61914,20656.58008
24/03/17,20674.44922,20718.33008,20529.66992,20596.7207
27/03/17,20488.34961,20578.46094,20412.80078,20550.98047
28/03/17,20542.14063,20735.60938,20520.09961,20701.5
29/03/17,20675.75,20684.73047,20625.0293,20659.32031
30/03/17,20662.78906,20753.7793,20643.59961,20728.49023
31/03/17,20700.33984,20722.58984,20660.67969,20663.2207
03/04/17,20665.16992,20692.33984,20517.82031,20650.21094
04/04/17,20634.93945,20701.28906,20605.30078,20689.24023
05/04/17,20745.06055,20887.5,20639.55078,20648.15039
06/04/17,20653.76953,20746.46094,20612.16992,20662.94922
07/04/17,20647.81055,20726.07031,20606.94922,20656.09961
10/04/17,20668.2207,20750.33008,20614.85938,20658.01953
11/04/17,20644.32031,20660.0293,20512.56055,20651.30078
12/04/17,20637.94922,20642.53906,20553.0293,20591.85938
13/04/17,20561.68945,20612.26953,20453.25,20453.25
17/04/17,20484.75,20644.41016,20484.75,20636.91992
18/04/17,20561.39063,20600.11914,20462.2793,20523.2793
19/04/17,20503.51953,20546.68945,20379.55078,20404.49023
20/04/17,20406.67969,20629.7793,20406.67969,20578.71094
21/04/17,20578.09961,20601.40039,20505.33008,20547.75977
24/04/17,20723.58984,20792.19922,20723.58984,20763.89063
25/04/17,20915.50977,21026.9707,20909.38086,20996.11914
26/04/17,21009.94922,21070.90039,20972.26953,20975.08984
27/04/17,20991.11914,21005.80078,20935.80078,20981.33008
28/04/17,20987.39063,20987.75977,20926.75,20940.50977
01/05/17,20962.73047,20976.61914,20898.38086,20913.46094
02/05/17,20941.18945,20960.91992,20904.06055,20949.89063
03/05/17,20915,20972.74023,20874.17969,20957.90039
04/05/17,20987.83008,20990.78906,20847.94922,20951.4707
05/05/17,20929.03906,21006.93945,20905,21006.93945
08/05/17,20991.25977,21017.89063,20971.05078,21012.2793
09/05/17,21022.2793,21046.84961,20938.03906,20975.7793
10/05/17,20958.49023,20976.2793,20884.15039,20943.10938
11/05/17,20925.7207,20933.35938,20798.90039,20919.41992
12/05/17,20893.18945,20916.09961,20869.74023,20896.60938
15/05/17,20923.63086,21000.83008,20923.63086,20981.93945
16/05/17,20984.48047,21033.5293,20932.88086,20979.75
17/05/17,20846.16992,20846.16992,20601.08008,20606.92969
18/05/17,20579.65039,20759.19922,20553.44922,20663.01953
19/05/17,20698.2793,20857.13086,20687.93945,20804.83984
22/05/17,20867.76953,20914.25977,20860.16016,20894.83008
23/05/17,20908.66992,20961.14063,20896.2207,20937.91016
24/05/17,20949.21094,21022.82031,20933.58008,21012.41992
25/05/17,21062.96094,21112.32031,21051.41016,21082.94922
26/05/17,21070.15039,21092.82031,21050.49023,21080.2793
30/05/17,21045.49023,21063.61914,21009.59961,21029.4707
31/05/17,21048.46094,21051.69922,20942.57031,21008.65039
01/06/17,21030.55078,21144.17969,20994.2207,21144.17969
02/06/17,21142.08984,21225.03906,21129.56055,21206.28906
05/06/17,21195.0293,21224.41016,21168.68945,21184.03906
06/06/17,21145.48047,21180.4707,21118.46094,21136.23047
07/06/17,21171.57031,21189.83984,21113.31055,21173.68945
08/06/17,21169.75977,21265.68945,21138.16016,21182.5293
09/06/17,21208.96094,21305.34961,21159.44922,21271.9707
12/06/17,21259.94922,21277.08008,21186.15039,21235.66992
13/06/17,21256.83008,21332.76953,21256.83008,21328.4707
14/06/17,21342.71094,21391.9707,21294.08984,21374.56055
15/06/17,21291.68945,21367.2793,21261.86914,21359.90039
16/06/17,21335.92969,21384.41992,21308.00977,21384.2793
19/06/17,21444.75,21528.99023,21436.08008,21528.99023
20/06/17,21521.25,21535.0293,21464.24023,21467.14063
21/06/17,21466.39063,21492.61914,21390,21410.0293
22/06/17,21407.98047,21456.4707,21394.81055,21397.28906
23/06/17,21380.91992,21421.78906,21333.89063,21394.75977
26/06/17,21434.67969,21506.21094,21381.25,21409.55078
27/06/17,21411.18945,21440.59961,21310.66016,21310.66016
28/06/17,21372.35938,21478.75,21372.35938,21454.60938
29/06/17,21487.38086,21487.38086,21197.08008,21287.0293
30/06/17,21348.59961,21426.11914,21325.08008,21349.63086
03/07/17,21392.30078,21562.75,21391.71094,21479.26953
05/07/17,21492.83008,21505.35938,21404.75977,21478.16992
06/07/17,21423.92969,21433.09961,21305.38086,21320.03906
07/07/17,21354.66016,21425.82031,21350.7207,21414.33984
10/07/17,21381.23047,21446.39063,21371.10938,21408.51953
11/07/17,21410.16992,21441.61914,21279.30078,21409.07031
12/07/17,21467.92969,21580.78906,21467.92969,21532.14063
13/07/17,21537.18945,21568.7207,21512.35938,21553.08984
14/07/17,21532.76953,21681.5293,21521.7207,21637.74023
17/07/17,21633.9707,21661.81055,21617.66016,21629.7207
18/07/17,21589.93945,21589.93945,21471.14063,21574.73047
19/07/17,21569.25,21640.75,21565.83984,21640.75
20/07/17,21641.53906,21661.91016,21576.96094,21611.7793
21/07/17,21591.7207,21592.60938,21503.7793,21580.07031
24/07/17,21577.7793,21577.7793,21496.13086,21513.16992
25/07/17,21638.56055,21670.61914,21577.36914,21613.42969
26/07/17,21690.38086,21742.69922,21683.28906,21711.00977
27/07/17,21717.41992,21798.4707,21687.84961,21796.55078
28/07/17,21787.50977,21841.17969,21756.11914,21830.31055
31/07/17,21863.39063,21929.80078,21861.71094,21891.11914
01/08/17,21961.41992,21990.96094,21940.81055,21963.91992
02/08/17,22004.35938,22036.09961,21967.46094,22016.24023
03/08/17,22007.58008,22044.84961,21991.32031,22026.09961
04/08/17,22058.39063,22092.81055,22024.64063,22092.81055
07/08/17,22100.19922,22121.15039,22081.9707,22118.41992
08/08/17,22095.14063,22179.10938,22057.28906,22085.33984
09/08/17,22022.33984,22057.18945,21996.68945,22048.69922
10/08/17,21988.19922,21988.19922,21843.93945,21844.00977
11/08/17,21883.32031,21911.08984,21842.74023,21858.32031
14/08/17,21945.64063,22019.23047,21945.64063,21993.71094
15/08/17,22029.91016,22038.91992,21971.48047,21998.99023
16/08/17,22031.92969,22085.71094,22002.4707,22024.86914
17/08/17,21984.74023,21984.74023,21750.32031,21750.73047
18/08/17,21724.88086,21793.34961,21641.63086,21674.50977
21/08/17,21671.35938,21718.74023,21600.33984,21703.75
22/08/17,21739.7793,21912.83008,21738.13086,21899.89063
23/08/17,21850.26953,21866.66016,21808.39063,21812.08984
24/08/17,21839.90039,21870.10938,21765.82031,21783.40039
25/08/17,21819.08008,21906.85938,21812.81055,21813.66992
28/08/17,21832.5,21861.49023,21767.93945,21808.40039
29/08/17,21718,21879.2207,21673.58008,21865.36914
30/08/17,21859.75977,21914.25977,21839.4707,21892.42969
31/08/17,21936.00977,21985.75977,21910.5,21948.09961
01/09/17,21981.76953,22038.9707,21974.91016,21987.56055
05/09/17,21912.36914,21921.08984,21709.63086,21753.31055
06/09/17,21815.75977,21849.24023,21794.07031,21807.64063
07/09/17,21820.38086,21850.00977,21745.71094,21784.7793
08/09/17,21764.42969,21846.63086,21731.11914,21797.78906
11/09/17,21927.78906,22067.09961,21927.78906,22057.36914
12/09/17,22090.56055,22134.57031,22087.08984,22118.85938
13/09/17,22103.4707,22158.17969,22095.78906,22158.17969
14/09/17,22144.96094,22216.43945,22135.25977,22203.48047
15/09/17,22252.43945,22275.01953,22214.51953,22268.33984
18/09/17,22297.91992,22355.61914,22283.34961,22331.34961
19/09/17,22349.69922,22386.00977,22340.71094,22370.80078
20/09/17,22351.38086,22413.25977,22314.67969,22412.58984
21/09/17,22414.01953,22419.50977,22356.55078,22359.23047
22/09/17,22334.07031,22364.31055,22299.58008,22349.58984
25/09/17,22320.4707,22359.88086,22219.10938,22296.08984
26/09/17,22322.0293,22369.34961,22279.51953,22284.32031
27/09/17,22330.92969,22371.09961,22254.92969,22340.71094
28/09/17,22306.83008,22394.74023,22288.9707,22381.19922
29/09/17,22358.4707,22405.63086,22332.96094,22405.08984
02/10/17,22423.4707,22559.38086,22416,22557.59961
03/10/17,22564.44922,22646.32031,22562.90039,22641.66992
04/10/17,22645.66992,22685.93945,22632.80078,22661.64063
05/10/17,22669.08008,22777.03906,22655.14063,22775.39063
06/10/17,22762.0293,22773.66992,22730.84961,22773.66992
09/10/17,22779.73047,22803.36914,22739.38086,22761.07031
10/10/17,22784.75977,22850.50977,22770.99023,22830.67969
11/10/17,22827.65039,22872.89063,22821.66016,22872.89063
12/10/17,22854.84961,22884.82031,22821.13086,22841.00977
13/10/17,22876.42969,22905.33008,22855.92969,22871.7207
16/10/17,22892.91992,22960.11914,22887.11914,22956.96094
17/10/17,22952.41016,23002.19922,22948.23047,22997.43945
18/10/17,23087.13086,23172.92969,23086.75,23157.59961
19/10/17,23107.4707,23167.24023,23052.66992,23163.03906
20/10/17,23205.17969,23328.83984,23201.7793,23328.63086
23/10/17,23348.94922,23368.36914,23273.96094,23273.96094
24/10/17,23346.7793,23485.25,23343.23047,23441.75977
25/10/17,23431.08984,23451.50977,23251.10938,23329.46094
26/10/17,23380.89063,23459.83984,23380.89063,23400.85938
27/10/17,23419.16016,23449.40039,23353.16016,23434.18945
30/10/17,23405.75,23428.75,23327.86914,23348.74023
31/10/17,23369.2207,23406.34961,23334.39063,23377.24023
01/11/17,23442.90039,23517.71094,23388.91016,23435.00977
02/11/17,23463.24023,23531.38086,23350.98047,23516.25977
03/11/17,23549.58984,23557.06055,23481.57031,23539.18945
06/11/17,23533.96094,23574.85938,23520.75,23548.41992
07/11/17,23574.0293,23602.11914,23484.18945,23557.23047
08/11/17,23542.59961,23575,23510.56055,23563.35938
09/11/17,23492.08984,23516.74023,23310.01953,23461.93945
10/11/17,23432.71094,23452.19922,23392.96094,23422.21094
13/11/17,23367.4707,23461.67969,23343.33984,23439.69922
14/11/17,23388.40039,23414.08008,23271.57031,23409.4707
15/11/17,23334.58984,23344.99023,23242.75,23271.2793
16/11/17,23365.33984,23492.18945,23365.33984,23458.35938
17/11/17,23433.76953,23433.76953,23356.00977,23358.24023
20/11/17,23370.71094,23456.88086,23360.58008,23430.33008
21/11/17,23500.15039,23617.80078,23500.15039,23590.83008
22/11/17,23597.24023,23605.76953,23507.60938,23526.17969
24/11/17,23552.75,23599.17969,23551.58984,23557.99023
27/11/17,23552.85938,23638.91992,23545.01953,23580.7793
28/11/17,23625.18945,23849.60938,23617.10938,23836.71094
29/11/17,23883.25977,23959.75977,23872.58984,23940.67969
30/11/17,24013.80078,24327.82031,24013.80078,24272.34961
01/12/17,24305.40039,24322.06055,23921.90039,24231.58984
04/12/17,24424.10938,24534.03906,24288.18945,24290.05078
05/12/17,24335.00977,24349.74023,24155.2793,24180.64063
06/12/17,24171.90039,24229.34961,24134.49023,24140.91016
07/12/17,24116.59961,24262.88086,24101.24023,24211.48047
08/12/17,24263.25977,24330.11914,24225.5,24329.16016
11/12/17,24338.10938,24389.7207,24314.74023,24386.0293
12/12/17,24452.96094,24552.9707,24443.83008,24504.80078
13/12/17,24525.18945,24666.01953,24518.30078,24585.42969
14/12/17,24631.00977,24672.48047,24508.66016,24508.66016
15/12/17,24585.71094,24688.61914,24584.43945,24651.74023
18/12/17,24739.56055,24876.07031,24739.56055,24792.19922
19/12/17,24834.38086,24850.10938,24715.59961,24754.75
20/12/17,24838.08984,24852.43945,24697.10938,24726.65039
21/12/17,24778.25977,24850.91016,24766.26953,24782.28906
22/12/17,24764.03906,24784.15039,24717.50977,24754.06055
26/12/17,24715.83984,24778.13086,24708.41992,24746.21094
27/12/17,24766.51953,24789.51953,24731.67969,24774.30078
28/12/17,24807.21094,24839.23047,24797.13086,24837.50977
29/12/17,24849.63086,24871.66016,24719.2207,24719.2207
02/01/18,24809.34961,24864.18945,24741.69922,24824.00977
03/01/18,24850.44922,24941.91992,24825.55078,24922.67969
04/01/18,24964.85938,25105.96094,24963.26953,25075.13086
05/01/18,25114.91992,25299.78906,25112.00977,25295.86914
08/01/18,25308.40039,25311.99023,25235.41016,25283
09/01/18,25312.05078,25439.7793,25308.41016,25385.80078
10/01/18,25348.13086,25404.91992,25256.99023,25369.13086
11/01/18,25398.59961,25575.41992,25396.18945,25574.73047
12/01/18,25638.39063,25810.42969,25633.08008,25803.18945
16/01/18,25987.61914,26086.11914,25702.99023,25792.85938
17/01/18,25910.7793,26130.44922,25865.01953,26115.65039
18/01/18,26149.55078,26153.41992,25947.32031,26017.81055
19/01/18,25987.34961,26071.7207,25942.83008,26071.7207
22/01/18,26025.32031,26215.23047,25974.65039,26214.59961
23/01/18,26214.86914,26246.18945,26143.90039,26210.81055
24/01/18,26282.07031,26392.80078,26106.93945,26252.11914
25/01/18,26313.06055,26458.25,26259.7207,26392.78906
26/01/18,26466.74023,26616.71094,26425.34961,26616.71094
29/01/18,26584.2793,26608.90039,26435.33984,26439.48047
30/01/18,26198.44922,26256.99023,26028.41992,26076.89063
31/01/18,26268.16992,26338.0293,26050.98047,26149.39063
01/02/18,26083.03906,26306.69922,26014.43945,26186.71094
02/02/18,26061.78906,26061.78906,25490.66016,25520.96094
05/02/18,25337.86914,25520.5293,23923.88086,24345.75
06/02/18,24085.16992,24946.23047,23778.74023,24912.76953
07/02/18,24892.86914,25293.96094,24785.43945,24893.34961
08/02/18,24902.30078,24903.67969,23849.23047,23860.46094
09/02/18,23992.66992,24382.14063,23360.28906,24190.90039
12/02/18,24337.75977,24765.16016,24290.48047,24601.26953
13/02/18,24540.33008,24705.7207,24421.0293,24640.44922
14/02/18,24535.82031,24925.94922,24490.35938,24893.49023
15/02/18,25047.82031,25203.94922,24809.41992,25200.36914
16/02/18,25165.93945,25432.41992,25149.25977,25219.38086
20/02/18,25124.91016,25179.00977,24884.18945,24964.75
21/02/18,24988.06055,25267.99023,24792.99023,24797.7793
22/02/18,24855.41016,25156.7207,24854.83008,24962.48047
23/02/18,25050.50977,25313.91016,25028.73047,25309.99023
26/02/18,25403.34961,25732.80078,25398.56055,25709.26953
27/02/18,25735.7793,25800.34961,25407.83008,25410.0293
28/02/18,25485.15039,25576.15039,25022.41992,25029.19922
01/03/18,25024.03906,25185.34961,24442.56055,24608.98047
02/03/18,24394.91016,24592.46094,24217.75977,24538.06055
05/03/18,24471.31055,24961,24387.15039,24874.75977
06/03/18,24965.89063,24995.24023,24708.41016,24884.11914
07/03/18,24758.15039,24849.67969,24535.11914,24801.35938
08/03/18,24853.41016,24950.49023,24703.05078,24895.21094
09/03/18,25004.89063,25336.33008,25004.89063,25335.74023
12/03/18,25372.43945,25449.15039,25152.01953,25178.60938
13/03/18,25257.75,25376.40039,24947.5,25007.0293
14/03/18,25086.9707,25130.11914,24668.83008,24758.11914
15/03/18,24837.28906,25053.86914,24753.28906,24873.66016
16/03/18,24877.33984,25031,24857.08984,24946.50977
19/03/18,24893.68945,24893.68945,24453.14063,24610.91016
20/03/18,24650.64063,24803.60938,24650.64063,24727.26953
21/03/18,24723.49023,24977.65039,24655.40039,24682.31055
22/03/18,24526.00977,24526.00977,23938.74023,23957.89063
23/03/18,23995.17969,24108.4707,23509.06055,23533.19922
26/03/18,23825.74023,24232.30078,23741.2207,24202.59961
27/03/18,24276.61914,24446.2207,23708.73047,23857.71094
28/03/18,23883.08008,24092.4707,23728.66992,23848.41992
29/03/18,23949.17969,24314.30078,23928.13086,24103.10938
02/04/18,24076.59961,24123.80078,23344.51953,23644.18945
03/04/18,23698.33008,24044.34961,23664.33008,24033.35938
04/04/18,23654.15039,24308.96094,23523.16016,24264.30078
05/04/18,24313.91016,24622.25977,24313.91016,24505.2207
06/04/18,24373.59961,24434.40039,23738.19922,23932.75977
09/04/18,24037.51953,24373.17969,23954.83008,23979.09961
10/04/18,24198.94922,24511.34961,24198.94922,24408
11/04/18,24274.18945,24366.57031,24150.86914,24189.44922
12/04/18,24302.82031,24592.11914,24302.82031,24483.05078
13/04/18,24582.82031,24646.44922,24243.74023,24360.14063
16/04/18,24483.15039,24675.35938,24480.19922,24573.03906
17/04/18,24681.78906,24858.9707,24681.78906,24786.63086
18/04/18,24820.84961,24832.53906,24721.08984,24748.07031
19/04/18,24711.30078,24762.48047,24557.0293,24664.89063
20/04/18,24657.39063,24678.07031,24375.03906,24462.93945
23/04/18,24488.07031,24536.89063,24328.53906,24448.68945
24/04/18,24579.93945,24579.93945,23828.73047,24024.13086
25/04/18,24070.19922,24146.33984,23823.08008,24083.83008
26/04/18,24128.7207,24402.46094,24128.7207,24322.33984
27/04/18,24342.14063,24359.38086,24194.44922,24311.18945
30/04/18,24410.41016,24498.23047,24163.08008,24163.15039
01/05/18,24117.28906,24117.28906,23808.18945,24099.05078
02/05/18,24097.63086,24185.51953,23886.30078,23924.98047
03/05/18,23836.23047,23996.15039,23531.31055,23930.15039
04/05/18,23865.2207,24333.34961,23778.86914,24262.50977
07/05/18,24317.66016,24479.44922,24263.41992,24357.32031
08/05/18,24341.34961,24412.33984,24198.33984,24360.21094
09/05/18,24399.17969,24586.48047,24323.86914,24542.53906
10/05/18,24591.66016,24794.99023,24575.91016,24739.5293
11/05/18,24758.64063,24868.65039,24717.5,24831.16992
14/05/18,24879.36914,24994.18945,24862.51953,24899.41016
15/05/18,24809.55078,24809.55078,24629.39063,24706.41016
16/05/18,24722.32031,24801.18945,24672.78906,24768.92969
17/05/18,24752.40039,24839.49023,24639.40039,24713.98047
18/05/18,24707.7207,24774.9707,24664.86914,24715.08984
21/05/18,24883.06055,25086.49023,24883.06055,25013.28906
22/05/18,25047.55078,25064.99023,24812.06055,24834.41016
23/05/18,24757.71094,24889.46094,24667.11914,24886.81055
24/05/18,24877.35938,24877.35938,24605.90039,24811.75977
25/05/18,24781.28906,24824.2207,24687.81055,24753.08984
29/05/18,24606.58984,24635.17969,24247.83984,24361.44922
30/05/18,24467.83008,24714.48047,24459.08984,24667.7793
31/05/18,24620.78906,24620.78906,24352.15039,24415.83984
01/06/18,24542.08984,24673.59961,24542.08984,24635.21094
04/06/18,24727.55078,24859.36914,24722.14063,24813.68945
05/06/18,24820.11914,24838.7793,24710.82031,24799.98047
06/06/18,24854.14063,25146.46094,24854.14063,25146.39063
07/06/18,25192.14063,25326.08984,25164.48047,25241.41016
08/06/18,25209.28906,25325.63086,25165.69922,25316.5293
11/06/18,25336.66992,25402.83008,25290.19922,25322.31055
12/06/18,25346.82031,25364.36914,25247.03906,25320.73047
13/06/18,25328.65039,25362.07031,25191.41992,25201.19922
14/06/18,25254.65039,25332.5,25138.59961,25175.31055
15/06/18,25116.71094,25130.82031,24894.38086,25090.48047
18/06/18,24944.2793,25003.09961,24825.76953,24987.4707
19/06/18,24763.58984,24763.58984,24567.75,24700.21094
20/06/18,24771.16992,24804.75977,24628.39063,24657.80078
21/06/18,24639.21094,24639.21094,24406.63086,24461.69922
22/06/18,24526.9707,24663.17969,24526.9707,24580.89063
25/06/18,24463.73047,24463.73047,24084.39063,24252.80078
26/06/18,24281.89063,24384.21094,24241.2207,24283.10938
27/06/18,24303.10938,24569.01953,24115.82031,24117.58984
28/06/18,24064.18945,24308.16016,23997.21094,24216.05078
29/06/18,24323.92969,24509.51953,24269.71094,24271.41016
02/07/18,24161.5293,24319.41992,24077.56055,24307.17969
03/07/18,24359.39063,24444.88086,24150.84961,24174.82031
05/07/18,24285.82031,24372.80078,24177.43945,24356.74023
06/07/18,24352.4707,24520.28906,24281.4707,24456.48047
09/07/18,24519.19922,24796.51953,24518.42969,24776.58984
10/07/18,24806.9707,24945.38086,24806.9707,24919.66016
11/07/18,24789.48047,24815.16016,24663.82031,24700.44922
12/07/18,24802.90039,24939.9707,24802.90039,24924.89063
13/07/18,24926.07031,25043.21094,24890.06055,25019.41016
16/07/18,25025.58008,25072.41016,24979.64063,25064.35938
17/07/18,25033.91992,25155.39063,24989.60938,25119.89063
18/07/18,25133.78906,25215.32031,25101.11914,25199.28906
19/07/18,25139.15039,25154.16992,25052.61914,25064.5
20/07/18,25041.14063,25124.09961,24986.34961,25058.11914
23/07/18,25036.90039,25081.44922,24983.33008,25044.28906
24/07/18,25092.42969,25286.61914,25092.42969,25241.93945
25/07/18,25183.69922,25432.86914,25113.55078,25414.09961
26/07/18,25468.55078,25587.24023,25463.16016,25527.07031
27/07/18,25520.51953,25580.2207,25370.07031,25451.06055
30/07/18,25439.32031,25500.16016,25287.38086,25306.83008
31/07/18,25345.21094,25490.98047,25345.21094,25415.18945
01/08/18,25461.63086,25488.80078,25278.32031,25333.82031
02/08/18,25256.44922,25360.48047,25120.07031,25326.16016
03/08/18,25360.36914,25467.90039,25325.16992,25462.58008
06/08/18,25437.42969,25540.01953,25381.38086,25502.17969
07/08/18,25551.65039,25692.7207,25551.65039,25628.91016
08/08/18,25615.7207,25634.10938,25557.48047,25583.75
09/08/18,25589.78906,25613.31055,25492.68945,25509.23047
10/08/18,25401.18945,25401.18945,25222.88086,25313.14063
13/08/18,25327.18945,25381.39063,25153.92969,25187.69922
14/08/18,25215.68945,25339.50977,25201.86914,25299.91992
15/08/18,25235.36914,25235.36914,24965.76953,25162.41016
16/08/18,25294.9707,25607.33984,25294.9707,25558.73047
17/08/18,25550.80078,25728.16016,25521.66016,25669.32031
20/08/18,25727.69922,25790.16992,25716.41016,25758.68945
21/08/18,25786.99023,25888.82031,25784.90039,25822.28906
22/08/18,25825.06055,25836.16016,25722.42969,25733.59961
23/08/18,25714.85938,25762.56055,25608.01953,25656.98047
24/08/18,25688.58008,25826.05078,25688.58008,25790.34961
27/08/18,25882.71094,26067.57031,25882.71094,26049.64063
28/08/18,26092.69922,26122.24023,26037.84961,26064.01953
29/08/18,26082.5293,26167.93945,26035.30078,26124.57031
30/08/18,26099.00977,26104.36914,25934.80078,25986.91992
31/08/18,25964.84961,26028.83008,25879.76953,25964.82031
04/09/18,25916.07031,25971.76953,25805.94922,25952.48047
05/09/18,25919.83984,26011.2207,25871.03906,25974.99023
06/09/18,25973.01953,26073.67969,25880.83984,25995.86914
07/09/18,25951.01953,26002.99023,25818.39063,25916.53906
10/09/18,25991.91016,26039.96094,25854.13086,25857.07031
11/09/18,25841.14063,26019.91992,25754.32031,25971.06055
12/09/18,25989.07031,26145.7207,25929.42969,25998.91992
13/09/18,26083.93945,26191.64063,26067.08008,26145.99023
14/09/18,26169.56055,26211.10938,26068.28906,26154.66992
17/09/18,26151.66016,26184.4707,26030.34961,26062.11914
18/09/18,26076.21094,26317.33984,26076.21094,26246.96094
19/09/18,26287.83984,26464.41016,26280.75977,26405.75977
20/09/18,26519.39063,26697.49023,26519.39063,26656.98047
21/09/18,26726.25,26769.16016,26680.36914,26743.5
24/09/18,26705.25,26709.93945,26548.67969,26562.05078
25/09/18,26601.58008,26634.84961,26475.58008,26492.21094
26/09/18,26536.85938,26606.08984,26349.33984,26385.2793
27/09/18,26418.26953,26557.00977,26379.94922,26439.92969
28/09/18,26407.66016,26515.75977,26383.57031,26458.31055
01/10/18,26598.35938,26737.98047,26596.05078,26651.21094
02/10/18,26648.91016,26824.7793,26627.66016,26773.93945
03/10/18,26833.4707,26951.81055,26789.08008,26828.39063
04/10/18,26784.08008,26793.82031,26471.60938,26627.48047
05/10/18,26632.76953,26676.16016,26301.81055,26447.05078
08/10/18,26399.44922,26529.34961,26223.08984,26486.7793
09/10/18,26469.18945,26539.93945,26324.16016,26430.57031
10/10/18,26441.73047,26487.86914,25567.09961,25598.74023
11/10/18,25518.39063,25683.64063,24899.76953,25052.83008
12/10/18,25407.63086,25467.55078,25000.83008,25339.99023
15/10/18,25332.46094,25482.41992,25243.88086,25250.55078
16/10/18,25351.5293,25817.67969,25351.5293,25798.41992
17/10/18,25705.86914,25810.08984,25479.16016,25706.67969
18/10/18,25645.56055,25691.46094,25236.00977,25379.44922
19/10/18,25421.08984,25608.71094,25350.01953,25444.33984
22/10/18,25492.14063,25561.33984,25236.05078,25317.41016
23/10/18,25038.46094,25307.69922,24768.78906,25191.42969
24/10/18,25172.88086,25306.23047,24533.18945,24583.41992